Both sexes,Number,ASR (World),Country Code
World,"19,976,499",196.9,WD
China,"4,824,703",201.6,CH
US,"2,380,189",367.0,US
India,"1,413,316",98.5,IN
Japan,"1,005,157",267.1,JP
Russia,"635,560",248.1,RU
Brazil,"627,193",214.4,BR
Germany,"605,805",274.2,DE
France (metropolitan),"483,568",339.0,FR
UK,"454,954",307.8,GB
Italy,"436,242",284.5,IT
Indonesia,"408,661",136.9,ID
Canada,"292,098",345.9,CA
Spain,"278,729",274.6,ES
Türkiye (Turkey),"240,013",225.9,TR
"Korea, South","237,701",234.7,KR
Australia,"212,332",462.5,AU
Poland,"208,900",262.8,PL
Mexico,"207,154",140.9,MX
Philippines,"188,976",185.4,PH
Pakistan,"185,748",105.6,PK
Thailand,"183,541",154.4,TH
Vietnam,"180,480",150.8,VN
Bangladesh,"167,256",105.6,BD
Ukraine,"155,239",199.9,UA
Egypt,"150,578",166.1,EG
Iran,"137,198",149.0,IR
Argentina,"133,420",215.8,AR
Netherlands,"132,319",341.4,NL
Nigeria,"127,763",113.6,NG
Colombia,"117,620",177.6,CO
South Africa,"111,321",203.4,ZA
Romania,"104,661",276.5,RO
Belgium,"81,132",324.7,BE
Ethiopia,"80,334",104.5,ET
Myanmar,"77,603",135.5,MM
Peru,"72,827",173.8,PE
Portugal,"69,567",294.6,PT
Sweden,"69,261",310.0,SE
Hungary,"66,340",336.7,HU
Greece,"65,703",258.7,GR
Czechia,"65,676",280.9,CZ
Algeria,"64,713",141.2,DZ
Morocco,"63,609",149.8,MA
Venezuela,"62,947",184.8,VE
"Korea, North","61,533",166.1,KP
Chile,"59,876",188.7,CL
Switzerland,"58,330",292.7,CH
"Congo, Democratic Republic of the","52,612",103.0,CD
Malaysia,"51,650",142.1,MY
Austria,"50,682",258.5,AT
Cuba,"49,688",220.8,CU
Denmark,"48,840",374.7,DK
Belarus,"46,402",273.2,BY
Tanzania,"44,931",140.1,TZ
Kenya,"44,726",149.1,KE
Serbia,"42,039",250.4,RS
Norway,"40,305",357.9,NO
New Zealand,"38,157",427.3,NZ
Finland,"37,660",276.9,FI
Iraq,"37,382",136.6,IQ
Kazakhstan,"36,225",162.3,KZ
Uganda,"35,968",154.4,UG
Uzbekistan,"35,900",112.7,UZ
Sri Lanka,"33,243",106.9,LK
Bulgaria,"32,812",222.0,BG
Ireland,"31,242",344.7,IE
Slovakia,"30,913",283.3,SK
Ecuador,"30,888",152.7,EC
Israel,"30,438",245.8,IL
Croatia,"28,809",313.4,HR
Sudan,"28,586",95.6,SD
Saudi Arabia,"28,113",87.1,SA
Ghana,"27,385",120.4,GH
Mozambique,"26,578",128.8,MZ
Singapore,"25,250",231.1,SG
Angola,"24,607",133.5,AO
Afghanistan,"24,275",106.2,AF
Nepal,"22,008",81.6,NP
Syria,"21,926",138.6,SY
Côte d'Ivoire (Ivory Coast),"21,352",137.0,CI
Madagascar,"21,297",117.4,MG
Tunisia,"20,551",135.4,TN
Dominican Republic,"20,171",167.0,DO
Malawi,"19,846",159.5,MW
Cambodia,"19,795",138.3,KH
Cameroon,"19,564",126.0,CM
Azerbaijan,"18,503",152.3,AZ
Guatemala,"17,801",121.8,GT
Zimbabwe,"17,725",208.0,ZW
Bolivia,"17,579",143.8,BO
Uruguay,"16,817",279.9,UY
Yemen,"16,525",83.1,YE
Lithuania,"16,413",287.9,LT
Zambia,"15,296",159.5,ZM
Mali,"15,151",139.9,ML
Moldova,"14,816",232.2,MD
Burkina Faso,"14,538",125.2,BF
Slovenia,"14,402",305.1,SI
Bosnia Herzegovina,"14,265",218.6,BA
Haiti,"13,860",141.1,HT
Paraguay,"13,783",192.2,PY
Puerto Rico,"13,778",226.6,PR
Georgia,"13,689",197.5,GE
Costa Rica,"13,325",177.7,CR
Lebanon,"13,034",168.8,LB
Jordan,"12,328",152.6,JO
Papua New Guinea,"12,190",188.7,PG
Senegal,"11,841",113.9,SN
Niger,"11,593",83.7,NE
Latvia,"11,458",288.9,LV
Honduras,"10,815",128.0,HN
Somalia,"10,681",121.0,SO
Chad,"10,185",118.1,TD
El Salvador,"9,799",127.1,SV
Armenia,"9,520",201.6,AM
Laos,"9,101",154.5,LA
Guinea,"8,777",116.3,GN
Nicaragua,"8,409",133.5,NI
Panama,"8,353",154.9,PA
Libya,"8,171",132.3,LY
Estonia,"8,050",282.5,EE
Albania,"8,019",160.8,AL
Burundi,"7,997",128.2,BI
North Macedonia,"7,563",206.9,MK
Jamaica,"7,500",199.6,JM
Benin,"7,496",102.6,BJ
Kyrgyzstan,"7,266",125.8,KG
Rwanda,"7,122",83.2,RW
South Sudan,"6,874",99.4,SS
Turkmenistan,"6,807",122.7,TM
Mongolia,"6,699",235.8,MN
Tajikistan,"6,467",91.7,TJ
Cyprus,"6,198",292.3,CY
UAE,"5,526",105.1,AE
Togo,"5,491",107.5,TG
Gaza Strip and West Bank,"5,030",152.3,PS
Kuwait,"4,347",111.4,KW
Oman,"4,045",105.3,OM
Trinidad and Tobago,"3,931",186.7,TT
Liberia,"3,873",115.2,LR
Namibia,"3,453",193.5,NA
Luxembourg,"3,440",273.3,LU
Mauritania,"3,274",105.3,MR
"France, La Réunion","3,015",203.1,RE
Mauritius,"2,888",140.0,MU
Malta,"2,855",282.5,MT
Montenegro,"2,739",238.0,ME
"Congo, Republic of","2,727",80.7,CG
Central African Republic,"2,690",101.8,CF
Eritrea,"2,463",99.8,ER
Botswana,"2,317",115.4,BW
"France, Guadeloupe","2,123",253.9,GP
"France, Martinique","2,057",224.2,MQ
Lesotho,"2,027",115.5,LS
Sierra Leone,"1,918",35.9,SL
Gabon,"1,875",114.4,GA
Iceland,"1,777",268.3,IS
Qatar,"1,733",82.4,QA
Fiji,"1,601",174.8,FJ
Bahrain,"1,383",113.8,BH
Guyana,"1,225",142.5,GY
Gambia,"1,196",79.2,GM
Guinea-Bissau,"1,170",100.3,GW
New Caledonia,"1,149",287.6,NC
Barbados,"1,120",205.3,BB
Suriname,"1,119",169.5,SR
Eswatini,"1,108",135.3,SZ
Bahamas,955,192.7,BS
Equatorial Guinea,926,107.7,GQ
Brunei Darussalam,925,192.2,BN
French Polynesia,877,228.1,PF
Timor-Leste,828,84.5,TL
Djibouti,805,90.7,DJ
Solomon Islands,684,134.8,SB
Bhutan,638,87.6,BT
Comoros,619,106.8,KM
French Guyana,589,204.3,GF
Maldives,479,105.3,MV
Saint Lucia,448,166.8,LC
Cape Verde,435,87.0,CV
Guam,412,167.2,GU
Belize,409,114.7,BZ
Samoa,400,240.0,WS
Vanuatu,250,108.2,VU
Sao Tome and Principe,144,104.9,ST
