Spice Consumption Per Capita,,,,,,,,
Yearly Data,Units,2015,2016,2017,2018,2019,Source,Country Code
World,kg,1.24849578,1.316749434,1.412744435,1.481640745,1.579426884,"FAOSTAT, Helgi Calculation",
Afghanistan,kg,0.029626558,0.288715216,0.280556708,0.272577722,0.132381952,"FAOSTAT, Helgi Calculation",AF
Albania,kg,...,...,0.348012864,...,0.350361976,"FAOSTAT, Helgi Calculation",AL
Algeria,kg,0.834531307,0.842849915,0.850824957,0.834784129,0.74932032,"FAOSTAT, Helgi Calculation",DZ
Angola,kg,0.035552116,...,0.033103125,0.03197592,0.030908473,"FAOSTAT, Helgi Calculation",AO
Argentina,kg,0.185477286,0.183526783,0.204337351,0.202272182,0.244777821,"FAOSTAT, Helgi Calculation",AR
Armenia,kg,0.347391696,...,0.350640603,0.352540069,0.354534245,Helgi Calculation,AM
Australia,kg,0.839771758,1.033446162,0.813199794,0.720961965,0.710333301,"FAOSTAT, Helgi Calculation",AU
Austria,kg,0.925636772,0.915680898,0.909342425,1.018039548,1.013522644,"FAOSTAT, Helgi Calculation",AT
Azerbaijan,kg,0.10363402,0.102481991,0.101481292,0.10060594,0.099757758,"FAOSTAT, Helgi Calculation",AZ
Bahamas,kg,2.546492588,2.52540558,2.506140043,2.488143994,2.471839568,"FAOSTAT, Helgi Calculation",BS
Bahrain,kg,...,...,...,...,4.684818778,Faostat,BH
Bangladesh,kg,3.003231325,2.75370773,2.830760732,2.840840396,3.298770316,"FAOSTAT, Helgi Calculation",BD
Belarus,kg,0.105696223,0.105603546,0.105719544,0.211891679,0.21231968,"FAOSTAT, Helgi Calculation",BY
Belgium,kg,0.798283088,0.794251595,0.791197801,1.137651052,1.044479144,"FAOSTAT, Helgi Calculation",BE
Belize,kg,...,...,...,...,...,Faostat,BZ
Benin,kg,6.036889235,6.127840065,6.208620514,6.113553136,7.160034251,"FAOSTAT, Helgi Calculation",BJ
Bhutan,kg,...,...,...,...,13.03001203,Faostat,BT
Bolivia,kg,0.360682538,0.355144693,0.437233665,0.51693367,0.339635987,"FAOSTAT, Helgi Calculation",BO
Bosnia and Herzegovina,kg,7.377301292,7.469148109,7.558080213,7.646768696,7.736458148,"FAOSTAT, Helgi Calculation",BA
Botswana,kg,1.735229187,1.700379525,1.665389868,1.631714659,1.600190743,"FAOSTAT, Helgi Calculation",BW
Brazil,kg,0.112092213,0.116020734,0.110309126,0.114195124,0.108601792,"FAOSTAT, Helgi Calculation",BR
Brunei,kg,...,...,...,...,...,Faostat,BN
Bulgaria,kg,2.925609687,3.086496829,1.554562237,0.711740024,0.430060606,"FAOSTAT, Helgi Calculation",BG
Burkina Faso,kg,0.373971199,0.311276004,0.302482504,0.294222601,2.911466735,"FAOSTAT, Helgi Calculation",BF
Cambodia,kg,0.908057669,0.96002556,0.69485289,0.748818832,0.740386726,"FAOSTAT, Helgi Calculation",KH
Cameroon,kg,2.476899006,2.530403857,2.541693927,2.552165159,2.249601772,"FAOSTAT, Helgi Calculation",CM
Canada,kg,1.092347996,1.052355022,1.067170561,1.0522032,1.196769361,"FAOSTAT, Helgi Calculation",CA
Chad,kg,...,...,...,...,...,Faostat,TD
Chile,kg,0.167877962,0.221191482,0.272203993,0.267358948,0.210089716,"FAOSTAT, Helgi Calculation",CL
China,kg,0.317423507,0.239949848,0.271448165,0.277310445,0.348784759,"FAOSTAT, Helgi Calculation",CN
Colombia,kg,0.445673201,0.44093604,0.434317978,0.446456103,0.378581033,"FAOSTAT, Helgi Calculation",CO
Comoros,kg,...,1.340065824,1.312914881,...,...,Helgi Calculation,KM
Costa Rica,kg,0.612839978,0.606648258,0.600739871,0.59515142,0.590024805,"FAOSTAT, Helgi Calculation",CR
Croatia,kg,0.237891105,0.479116624,0.484903617,0.489255581,0.4919743,"FAOSTAT, Helgi Calculation",HR
Cuba,kg,0.176368492,0.176335557,0.176422772,0.17654987,0.088365006,"FAOSTAT, Helgi Calculation",CU
Cyprus,kg,...,...,...,0.820458292,0.813778242,"FAOSTAT, Helgi Calculation",CY
Czechia,kg,0.663755058,0.66248155,0.660724052,0.658518101,0.468521449,"FAOSTAT, Helgi Calculation",CZ
Dem. People's Republic of Korea,kg,0.197956965,0.196930942,0.117571808,0.273030631,0.349440726,"FAOSTAT, Helgi Calculation",KP
Denmark,kg,1.407587566,1.396645606,1.561150256,1.380825444,1.891847547,"FAOSTAT, Helgi Calculation",DK
Djibouti,kg,1.987559863,1.954535549,1.922646176,0.945896606,0.931103898,"FAOSTAT, Helgi Calculation",DJ
Dominican Republic,kg,0.384399825,0.379953934,0.375684074,0.278667165,0.367583475,"FAOSTAT, Helgi Calculation",DO
East Timor,kg,0.829315988,0.816618513,0.804353159,0.792490361,0.780982757,"FAOSTAT, Helgi Calculation",TL
Ecuador,kg,0.246976056,0.243315145,0.239564797,0.235077404,0.230630764,"FAOSTAT, Helgi Calculation",EC
Egypt,kg,1.135854328,1.122424099,1.070838565,1.069974759,1.069886592,"FAOSTAT, Helgi Calculation",EG
El Salvador,kg,0.160486183,0.159986945,0.159574791,0.159328475,0.159230167,"FAOSTAT, Helgi Calculation",SV
Estonia,kg,1.520441962,0.759999696,1.518160233,1.512885625,2.260912293,"FAOSTAT, Helgi Calculation",EE
Ethiopia,kg,4.66469367,4.891102778,4.870702264,5.273130239,4.688023268,"FAOSTAT, Helgi Calculation",ET
European Union,kg,...,...,...,...,...,Faostat,EU
Fiji,kg,1.090274749,1.088884558,1.088116785,1.088144018,1.088773116,"FAOSTAT, Helgi Calculation",FJ
Finland,kg,0.364994741,0.363947175,0.363094099,0.362612807,0.543320186,"FAOSTAT, Helgi Calculation",FI
France,kg,0.360640469,0.389664281,0.418422422,0.446705449,0.474861986,"FAOSTAT, Helgi Calculation",FR
Gambia,kg,...,...,...,0.409012007,0.398583752,Helgi Calculation,GM
Georgia,kg,0.268436486,0.268275965,0.268240056,0.536689575,0.268805571,"FAOSTAT, Helgi Calculation",GE
Germany,kg,0.795724039,0.777183175,0.810578637,0.796084403,0.878534093,"FAOSTAT, Helgi Calculation",DE
Ghana,kg,3.740785847,3.789634288,3.904406626,3.433683155,3.299252688,"FAOSTAT, Helgi Calculation",GH
Greece,kg,0.4620695,0.46399531,0.464913923,0.559029718,0.373079271,"FAOSTAT, Helgi Calculation",GR
Guatemala,kg,0.192710172,0.189541241,0.248641516,0.244693964,0.240905429,"FAOSTAT, Helgi Calculation",GT
Guyana,kg,10.59559144,14.49109259,15.72219922,16.54967321,18.77927219,"FAOSTAT, Helgi Calculation",GY
Haiti,kg,...,...,...,...,...,Faostat,HT
Honduras,kg,0.107590453,0.105699329,0.103876224,0.102115319,0.100413412,"FAOSTAT, Helgi Calculation",HN
Hong Kong,kg,...,...,...,...,...,Faostat,HK
Hungary,kg,2.539868829,2.547375322,2.554156808,2.966580752,0.511710966,"FAOSTAT, Helgi Calculation",HU
Iceland,kg,...,2.981167962,2.912055911,...,...,Faostat,IS
India,kg,2.235297355,2.679592577,3.159070778,3.414893141,3.550688464,"FAOSTAT, Helgi Calculation",IN
Indonesia,kg,1.512976261,1.504677205,1.614373736,1.677482667,1.836170026,"FAOSTAT, Helgi Calculation",ID
Iraq,kg,0.238361263,0.439299836,0.403824603,0.320270407,0.360893399,"FAOSTAT, Helgi Calculation",IQ
Iran,kg,0.660220623,0.768249856,0.816518998,0.88766835,0.762439882,"FAOSTAT, Helgi Calculation",IR
Ireland,kg,0.638032207,0.63087038,0.624039499,0.821808159,0.810645395,"FAOSTAT, Helgi Calculation",IE
Israel,kg,0.596651591,0.468055231,0.459068321,0.450308461,0.662690524,"FAOSTAT, Helgi Calculation",IL
Italy,kg,0.098797011,0.11545916,0.115632318,0.215154276,0.234391686,"FAOSTAT, Helgi Calculation",IT
Ivory Coast,kg,1.525634409,1.56936455,1.56954181,1.568997365,1.721002476,"FAOSTAT, Helgi Calculation",CI
Jamaica,kg,6.083497797,6.065590441,5.697242819,5.690234313,6.397104528,"FAOSTAT, Helgi Calculation",JM
Japan,kg,1.258445348,1.235481129,1.204990077,1.135548178,1.160834853,"FAOSTAT, Helgi Calculation",JP
Jordan,kg,0.631961717,0.501773468,0.587349605,0.669224698,0.65428614,"FAOSTAT, Helgi Calculation",JO
Kazakhstan,kg,0.171010271,0.280992725,0.498952864,0.164145645,0.648169599,"FAOSTAT, Helgi Calculation",KZ
Kenya,kg,0.170752314,0.14615405,0.143008507,0.140130871,0.157012215,"FAOSTAT, Helgi Calculation",KE
Kuwait,kg,3.070040675,2.964364632,2.909158613,3.706118686,3.82788048,"FAOSTAT, Helgi Calculation",KW
Kyrgyzstan,kg,0.335745102,0.328974422,0.322674325,0.316315556,0.46466962,"FAOSTAT, Helgi Calculation",KG
Laos,kg,2.504633941,2.321746801,2.286394651,2.251933355,1.94119483,"FAOSTAT, Helgi Calculation",LA
Latvia,kg,0.505682097,0.510324633,...,0.518894506,0.522514633,"FAOSTAT, Helgi Calculation",LV
Lebanon,kg,0.46882765,0.63911863,0.65474464,0.672174125,0.691813272,"FAOSTAT, Helgi Calculation",LB
Lesotho,kg,0.472027419,0.932891516,3.685588015,0.90991107,0.449296447,"FAOSTAT, Helgi Calculation",LS
Liberia,kg,...,...,...,...,0.200590176,Helgi Calculation,LR
Libya,kg,1.776418369,1.432620058,1.881390555,0.771867826,2.587878256,Helgi Calculation,LY
Lithuania,kg,1.032734233,1.04594086,1.060669219,1.070838463,0.357892258,"FAOSTAT, Helgi Calculation",LT
Luxembourg,kg,1.755605649,1.718171728,1.676906979,1.644872111,1.612900624,"FAOSTAT, Helgi Calculation",LU
Macao,kg,...,...,...,...,...,Faostat,MO
Macedonia,kg,2.415195249,2.412556876,2.410217006,2.408226115,2.407672965,"FAOSTAT, Helgi Calculation",MK
Madagascar,kg,0.281679803,0.313701612,0.191061808,0.148994986,0.399518631,"FAOSTAT, Helgi Calculation",MG
Malawi,kg,0.177106693,0.172358084,0.167774285,0.108885711,0.106003301,"FAOSTAT, Helgi Calculation",MW
Malaysia,kg,4.570496742,4.821353317,4.722320369,4.876652935,5.182291683,"FAOSTAT, Helgi Calculation",MY
Maldives,kg,4.591557962,4.402842475,4.233323879,4.083649476,5.946387371,"FAOSTAT, Helgi Calculation",MV
Mali,kg,1.048975739,1.17646392,1.398141145,1.304284706,1.166893822,"FAOSTAT, Helgi Calculation",ML
Mauritania,kg,...,...,...,...,0.228110047,Helgi Calculation,MR
Mauritius,kg,1.584026675,2.374407684,2.372267247,2.370973593,1.580139542,"FAOSTAT, Helgi Calculation",MU
Mexico,kg,1.17353409,1.152081118,1.115278635,1.18535137,1.111241591,"FAOSTAT, Helgi Calculation",MX
Moldova,kg,...,...,...,0.369384933,0.375343815,Faostat,MD
Mongolia,kg,...,...,...,...,...,Faostat,MN
Morocco,kg,1.730080958,1.879952821,1.773243528,1.781364704,1.845505923,"FAOSTAT, Helgi Calculation",MA
Mozambique,kg,0.037253319,0.036105654,0.07000487,0.067972006,0.099056994,"FAOSTAT, Helgi Calculation",MZ
Myanmar,kg,2.369670594,2.293208966,2.314091396,2.240534095,2.658360415,"FAOSTAT, Helgi Calculation",MM
Namibia,kg,1.314230842,1.291237832,1.268748937,1.662731535,1.63489253,"FAOSTAT, Helgi Calculation",NA
Nepal,kg,5.468968583,6.065786288,6.635105328,7.191288845,7.45686395,"FAOSTAT, Helgi Calculation",NP
Netherlands,kg,1.416771493,1.350532938,1.225826698,1.27672238,1.499001953,"FAOSTAT, Helgi Calculation",NL
New Zealand,kg,1.084739879,1.060647844,1.038723616,1.224339877,1.004177378,"FAOSTAT, Helgi Calculation",NZ
Niger,kg,0.794907663,0.764754638,0.782043472,0.841562262,0.725151005,"FAOSTAT, Helgi Calculation",NE
Nigeria,kg,1.326117335,1.266782677,1.276512789,1.265199896,3.103718928,"FAOSTAT, Helgi Calculation",NG
Norway,kg,0.385459912,0.382079041,0.37900552,0.376511978,0.560968276,"FAOSTAT, Helgi Calculation",NO
Oman,kg,3.339873123,3.410586917,3.302616068,4.12939615,4.345211403,"FAOSTAT, Helgi Calculation",OM
Pakistan,kg,1.535768489,1.428405238,1.386451975,1.447220951,1.213650496,"FAOSTAT, Helgi Calculation",PK
Panama,kg,0.252710382,0.248364766,0.24413687,0.24008134,0.236265195,"FAOSTAT, Helgi Calculation",PA
Papua New Guinea,kg,0.115178526,0.449480171,0.987405533,0.107190017,0.104794495,Helgi Calculation,PG
Paraguay,kg,0.161865991,0.159575784,0.157346409,0.155199301,0.153138747,"FAOSTAT, Helgi Calculation",PY
Peru,kg,0.227924955,0.224843404,0.221480537,0.217364681,0.213252997,"FAOSTAT, Helgi Calculation",PE
Philippines,kg,0.329996599,0.400475742,0.346641555,0.322376119,0.407679582,"FAOSTAT, Helgi Calculation",PH
Poland,kg,0.315902434,0.342374775,0.368665284,0.394999309,0.500454689,"FAOSTAT, Helgi Calculation",PL
Portugal,kg,0.193086052,0.193696121,0.388338204,0.486200559,0.48608518,"FAOSTAT, Helgi Calculation",PT
Qatar,kg,...,...,...,...,6.055780866,Faostat,QA
Romania,kg,2.775588707,2.791556931,2.705639446,1.181063748,0.258109171,"FAOSTAT, Helgi Calculation",RO
Russia,kg,0.201253504,0.381038428,0.214537714,0.214565749,0.263146485,"FAOSTAT, Helgi Calculation",RU
Rwanda,kg,0.257666457,0.335263923,0.408819412,0.398984728,0.389558948,"FAOSTAT, Helgi Calculation",RW
Saudi Arabia,kg,2.992380301,3.172107479,3.129284305,3.084116449,3.014455823,"FAOSTAT, Helgi Calculation",SA
Senegal,kg,0.417938448,0.474532646,0.461808655,0.449440828,0.499975595,"FAOSTAT, Helgi Calculation",SN
Serbia,kg,0.563746876,0.566706931,0.569730936,0.572852191,0.575934436,"FAOSTAT, Helgi Calculation",RS
Seychelles,kg,...,...,...,...,...,Faostat,SC
Sierra Leone,kg,0.683548211,0.667208173,0.78149778,0.763234389,0.745635423,"FAOSTAT, Helgi Calculation",SL
Slovakia,kg,0.553117638,0.552405006,0.551548454,0.550785043,0.55004018,"FAOSTAT, Helgi Calculation",SK
Slovenia,kg,0.969212481,0.968503304,0.967872442,0.964369442,0.478838911,"FAOSTAT, Helgi Calculation",SI
South Africa,kg,0.50110508,0.513981411,0.511994721,0.523198308,0.464819571,"FAOSTAT, Helgi Calculation",ZA
South Korea,kg,0.509654553,0.488111526,0.506211694,0.484636462,0.927270647,"FAOSTAT, Helgi Calculation",KR
South Sudan,kg,...,...,...,...,0.670006105,Faostat,SS
Spain,kg,0.150716446,0.172101999,0.193161085,0.192316922,0.212157305,"FAOSTAT, Helgi Calculation",ES
Sri Lanka,kg,5.197901764,6.178370985,5.502704719,6.229810798,5.916616979,"FAOSTAT, Helgi Calculation",LK
Sudan,kg,0.314373321,0.355535971,0.319568706,0.380960916,0.3238335,Helgi Calculation,SD
Suriname,kg,...,...,...,...,...,"FAOSTAT, Helgi Calculation",SR
Swaziland,kg,1.763767973,1.750510274,1.737030893,2.585253027,1.709967314,Helgi Calculation,SZ
Sweden,kg,0.918443634,0.906976006,0.89483697,0.884502282,1.070154775,"FAOSTAT, Helgi Calculation",SE
Switzerland,kg,0.724428052,0.71656011,0.709904589,0.704694404,0.816299876,"FAOSTAT, Helgi Calculation",CH
Syria,kg,0.989316527,0.316384743,2.844594583,4.706864983,0.497555733,Helgi Calculation,SY
Taiwan,kg,...,...,...,...,...,Faostat,TW
Tajikistan,kg,...,0.114609003,0.336114682,3.505646062,4.819533634,Helgi Calculation,TJ
Tanzania,kg,0.26644933,0.257344417,0.231041154,0.241003499,0.250532051,"FAOSTAT, Helgi Calculation",TZ
Thailand,kg,7.710429609,7.78959185,6.967736643,6.776534441,6.591147727,"FAOSTAT, Helgi Calculation",TH
Togo,kg,0.535243868,0.522100924,0.509372777,0.497099487,0.485254687,"FAOSTAT, Helgi Calculation",TG
Trinidad and Tobago,kg,2.739393923,2.041746919,2.028936695,1.329160655,1.315828429,"FAOSTAT, Helgi Calculation",TT
Tunisia,kg,2.163045339,1.882648205,2.031927852,1.759819647,2.406776021,"FAOSTAT, Helgi Calculation",TN
Turkey,kg,2.096773558,1.863751289,2.009993297,2.294428172,2.671244629,"FAOSTAT, Helgi Calculation",TR
Turkmenistan,kg,...,...,...,...,...,Faostat,TM
Uganda,kg,0.160096673,0.129037922,0.124604117,0.12043725,0.139700315,"FAOSTAT, Helgi Calculation",UG
Ukraine,kg,0.177171316,0.155539404,0.156141485,0.17928168,0.180236187,"FAOSTAT, Helgi Calculation",UA
United Arab Emirates,kg,4.710157646,4.224915371,3.969874825,2.844586353,2.279720142,"FAOSTAT, Helgi Calculation",AE
United Kingdom,kg,1.059643835,1.051643419,1.059661052,1.068306237,1.092220403,"FAOSTAT, Helgi Calculation",GB
USA,kg,0.960282366,0.959539159,0.962715155,0.972958488,1.056863673,"FAOSTAT, Helgi Calculation",US
Uruguay,kg,0.293874077,0.292931619,0.29220969,0.291796832,0.291680485,Helgi Calculation,UY
Uzbekistan,kg,0.191700028,0.188395467,0.216125427,0.182060377,0.119117281,"FAOSTAT, Helgi Calculation",UZ
Venezuela,kg,0.032754972,0.032529355,...,...,...,"FAOSTAT, Helgi Calculation",VE
Vietnam,kg,1.323333875,1.26709329,1.510107383,1.864839587,1.054536052,"FAOSTAT, Helgi Calculation",VN
Yemen,kg,7.364145972,6.968640639,6.925394753,6.625417381,7.82966429,"FAOSTAT, Helgi Calculation",YE
Zambia,kg,0.307725826,0.298191273,0.231239884,0.168200157,0.217622209,"FAOSTAT, Helgi Calculation",ZM
Zimbabwe,kg,0.141293458,0.138382409,0.06779155,0.132871084,0.130254058,"FAOSTAT, Helgi Calculation",ZW
Dem. Republic of the Congo,kg,0.457683918,0.442092203,0.450860517,0.447826209,0.433782105,Helgi Calculation,CD